id,type,at,heading,body,tags,mood,energy,amount,currency,lat,lng,city,counterpart,direction
"r0001","music","2024-01-03T14:12:00.000Z","""Big Jet Plane"" — Angus & Julia Stone","Down the Way · 2010","pair|warming","warm","45","","","","","","",""
"r0002","photo","2024-01-04T22:46:00.000Z","Rain on the kitchen window","Bristol · macro","rain","wistful","35","","","","","","",""
"r0003","place","2024-01-06T11:11:00.000Z","Clifton, lit up at dusk","Bristol · before it all","bristol","wistful","40","","","51.4545","-2.5879","Bristol","",""
"r0004","photo","2024-01-06T12:32:00.000Z","Sunday pancakes, hers on top","Kitchen · f/4","maya|together","warm","50","","","","","","",""
"r0005","note","2024-01-06T23:40:00.000Z","Note №03","I keep checking flight prices like it's a personality trait.","restless","restless","30","","","","","","",""
"r0006","search","2024-01-06T23:42:00.000Z","""flights to lisbon""","Flights · Google","travel","hopeful","40","","","","","","",""
"r0007","purchase","2024-01-07T11:37:00.000Z","Two scarves — his, hers","Market · £30.00","maya|together","warm","45","30","£","","","","",""
"r0008","purchase","2024-01-07T22:11:00.000Z","Milk, bread, the usual","Corner shop · £8.40","groceries","neutral","25","8.4","£","","","","",""
"r0009","search","2024-01-08T10:19:00.000Z","""calm songs for 3am""","Music · Spotify","night|2am-curve","melancholic","20","","","","","","",""
"r0010","music","2024-01-09T15:53:00.000Z","""To Build a Home"" — The Cinematic Orchestra","Ma Fleur · 2007","cinematic-orchestra","wistful","20","","","","","","",""
"r0011","search","2024-01-09T22:10:00.000Z","""cheap hostels lisbon""","Travel · Google","travel","hopeful","40","","","","","","",""
"r0012","music","2024-01-12T21:05:00.000Z","""Re: Stacks"" — Bon Iver","For Emma, Forever Ago · 2007","boniver","wistful","25","","","","","","",""
"r0013","film","2024-01-14T23:20:00.000Z","The Secret Life of Walter Mitty","Adventure · 2013","escape","hopeful","45","","","","","","",""
"r0014","message","2024-01-16T10:38:00.000Z","to Maya","the whale mugs survived the dishwasher. I checked.","maya","warm","55","","","","","","Maya","sent"
"r0015","photo","2024-01-17T10:47:00.000Z","3:30am, microwave light","Kitchen · portrait","night","melancholic","10","","","","","","",""
"r0016","music","2024-01-18T22:25:00.000Z","""The Night We Met"" — Lord Huron","Strange Trails · 2015","lord-huron","melancholic","25","","","","","","",""
"r0017","note","2024-01-18T23:12:00.000Z","Note №04","There is a version of me that booked the plane. I would like to meet him.","doubt","anxious","20","","","","","","",""
"r0018","search","2024-01-20T18:17:00.000Z","""weekend in cornwall itinerary""","Travel · Google","maya|travel","hopeful","45","","","","","","",""
"r0019","music","2024-01-24T17:12:00.000Z","""Gold"" — Sienna","Singles · 2024","pair","bright","55","","","","","","",""
"r0020","search","2024-01-25T20:30:00.000Z","""germany rail pass""","Trains · Google","travel","restless","45","","","","","","",""
"r0021","purchase","2024-01-26T14:48:00.000Z","Insomnia tea (again)","Late shop · £4.10","ritual","hopeful","20","4.1","£","","","","",""
"r0022","search","2024-01-27T20:02:00.000Z","""will jellyfish hurt you""","Random · Google","random","neutral","30","","","","","","",""
"r0023","purchase","2024-01-27T20:18:00.000Z","Bus ticket — the coastal 8","Brighton · £2.40","transport","neutral","35","2.4","£","","","","",""
"r0024","search","2024-01-28T18:16:00.000Z","""what time does the sea rest""","Searching · Google","night","wistful","20","","","","","","",""
"r0025","place","2024-01-29T09:01:00.000Z","Ride on the coastal 8, top deck","Brighton · the slow way home","brighton|sea","wistful","35","","","50.8225","-0.1372","Brighton","",""
"r0026","music","2024-01-29T18:23:00.000Z","""You Are the Best Thing"" — Ray LaMontagne","Gossip in the Grain · 2008","warming|running","bright","55","","","","","","",""
"r0027","note","2024-01-30T12:03:00.000Z","Note №09","The sea is just weather that kept a resolution.","random","neutral","20","","","","","","",""
"r0028","music","2024-02-01T15:25:00.000Z","""The Stable Song"" — Gregory Alan Isakov","The Weatherman · 2009","isakov","wistful","30","","","","","","",""
"r0029","note","2024-02-01T17:08:00.000Z","Note №38","We argued about the best railway station in the country for an hour and a half. I love whoever I am when I argue about that.","maya|warming","warm","50","","","","","","",""
"r0030","photo","2024-02-02T09:17:00.000Z","Fiscal year ends, fog does too","Brighton · June","dawn","bright","55","","","","","","",""
"r0031","purchase","2024-02-03T12:05:00.000Z","Backpack — 45L","Outdoor Co. · £89.00","travel|gear","hopeful","60","89","£","","","","",""
"r0032","search","2024-02-03T12:09:00.000Z","""what to pack for two weeks""","Lists · Pinterest","travel","hopeful","50","","","","","","",""
"r0033","search","2024-02-04T20:04:00.000Z","""what does the owl mean in the dream""","Meaning · Google","random","neutral","25","","","","","","",""
"r0034","photo","2024-02-05T14:53:00.000Z","Fiscal year ends, fog does too","Brighton · June","dawn","bright","55","","","","","","",""
"r0035","music","2024-02-11T12:50:00.000Z","""First Day of My Life"" — Bright Eyes","I'm Wide Awake, It's Morning · 2005","bright-eyes","hopeful","50","","","","","","",""
"r0036","photo","2024-02-11T23:42:00.000Z","The pier, from a bench","Brighton · rainy","sea","wistful","30","","","","","","",""
"r0037","music","2024-02-12T17:35:00.000Z","""The Stable Song"" — Gregory Alan Isakov","The Weatherman · 2009","isakov","wistful","30","","","","","","",""
"r0038","event","2024-02-14T11:14:00.000Z","Beach bonfire, strangers invited","Seafront · the seagulls ate my chips","silly","bright","70","","","","","","",""
"r0039","event","2024-02-14T19:00:00.000Z","Airport bar, one for the road","Bristol · pre-flight ritual","travel","restless","55","","","","","","",""
"r0040","photo","2024-02-15T16:42:00.000Z","Clouds that looked like a dog","Seafront · portrait","clouds","bright","50","","","","","","",""
"r0041","film","2024-02-16T18:49:00.000Z","Nomadland","Chloé Zhao · 2020","wander","wistful","35","","","","","","",""
"r0042","music","2024-02-17T09:18:00.000Z","""Mystery of Love"" — Sufjan Stevens","Call Me By Your Name · 2017","sufjan","wistful","35","","","","","","",""
"r0043","music","2024-02-17T17:13:00.000Z","""Gold"" — Sienna","Singles · 2024","pair","bright","55","","","","","","",""
"r0044","purchase","2024-02-19T20:23:00.000Z","Bus ticket — the coastal 8","Brighton · £2.40","transport","neutral","35","2.4","£","","","","",""
"r0045","search","2024-02-20T16:38:00.000Z","""best nut roast""","Food · Google","food","neutral","30","","","","","","",""
"r0046","search","2024-02-21T12:25:00.000Z","""what time does the sea rest""","Searching · Google","night","wistful","20","","","","","","",""
"r0047","music","2024-02-22T10:13:00.000Z","""First Day of My Life"" — Bright Eyes","I'm Wide Awake, It's Morning · 2005","bright-eyes","hopeful","50","","","","","","",""
"r0048","music","2024-02-25T11:00:00.000Z","""The Stable Song"" — Gregory Alan Isakov","The Weatherman · 2009","isakov","wistful","30","","","","","","",""
"r0049","search","2024-02-25T23:20:00.000Z","""calm songs for 3am""","Music · Spotify","night|2am-curve","melancholic","20","","","","","","",""
"r0050","purchase","2024-02-26T08:00:00.000Z","Gin & tonic — departure","Bristol Airport · £9.50","travel","hopeful","55","9.5","£","","","","",""
"r0051","place","2024-02-26T11:10:00.000Z","Landing — Lisbon at midday","Lisbon · 18.9°C · sun","lisbon|arrival","bright","70","","","38.7223","-9.1393","Lisbon","",""
"r0052","photo","2024-02-26T11:30:00.000Z","First light over the rooftops","Alfama · from the window","lisbon|window","bright","65","","","","","","",""
"r0053","place","2024-02-27T11:30:00.000Z","Tram 28, rattling uphill","Lisbon · a tin can of sunlight","lisbon|tram","bright","60","","","38.7223","-9.1393","Lisbon","",""
"r0054","photo","2024-02-27T11:34:00.000Z","Tram 28 through the arch","Alfama · f/8","lisbon|tram","bright","65","","","","","","",""
"r0055","search","2024-02-27T12:02:00.000Z","""pasteis de nata recipe""","Food · Google","food|lisbon","bright","45","","","","","","",""
"r0056","purchase","2024-02-27T12:30:00.000Z","Two pasteis de nata","Pastelaria · €2.60","food|lisbon","bright","60","2.6","€","","","","",""
"r0057","film","2024-02-27T22:51:00.000Z","Amélie","Jean-Pierre Jeunet · 2001","pair|feelgood","bright","55","","","","","","",""
"r0058","place","2024-03-01T14:00:00.000Z","Miradouro da Senhora do Monte","Lisbon · the whole city breathing","lisbon|viewpoint","bright","55","","","38.7223","-9.1393","Lisbon","",""
"r0059","photo","2024-03-01T14:03:00.000Z","The city from above, tiled","Miradouro · golden hour","lisbon|viewpoint","bright","60","","","","","","",""
"r0060","music","2024-03-01T18:49:00.000Z","""The Moon Song"" — Karen O","Her soundtrack · 2013","quiet","melancholic","15","","","","","","",""
"r0061","purchase","2024-03-01T22:19:00.000Z","Bus ticket — the coastal 8","Brighton · £2.40","transport","neutral","35","2.4","£","","","","",""
"r0062","note","2024-03-01T23:13:00.000Z","Note №15","2am me is a different author. He edits the margins.","night","melancholic","15","","","","","","",""
"r0063","music","2024-03-02T09:10:00.000Z","""The Night"" — Fenne Lily","Connected Song · 2024","fenne-lily","wistful","30","","","","","","",""
"r0064","event","2024-03-03T21:04:00.000Z","Tuesday night quiz — 2nd place","The Kiln · lost on the Seagulls question","friends|maya","bright","65","","","","","","",""
"r0065","place","2024-03-04T17:45:00.000Z","Porto riverside at dusk","Porto · the ferries glow","porto","wistful","45","","","41.1579","-8.6291","Porto","",""
"r0066","purchase","2024-03-04T18:20:00.000Z","Glass of port, river view","Vila Nova de Gaia · €6.00","porto","wistful","35","6","€","","","","",""
"r0067","photo","2024-03-04T18:25:00.000Z","River Douro, 18:25","Porto · sodium lamps on","porto|water","wistful","30","","","","","","",""
"r0068","event","2024-03-05T21:30:00.000Z","Fado in Alfama","Lisbon · a woman singing about leaving","lisbon|music","melancholic","35","","","","","","",""
"r0069","note","2024-03-05T23:50:00.000Z","Note №07","The fado singer was sad about people who leave — she sounded proud of it.","absent","wistful","20","","","","","","",""
"r0070","message","2024-03-07T17:47:00.000Z","from Robin","sorry I went quiet for a bit. see you Thursday — I'm bringing the premix.","friends","warm","40","","","","","","Robin","received"
"r0071","note","2024-03-07T20:35:00.000Z","Note №05","Rain on the window sounds like someone being gentle, if you let it.","random","neutral","20","","","","","","",""
"r0072","music","2024-03-08T21:28:00.000Z","""Mystery of Love"" — Sufjan Stevens","Call Me By Your Name · 2017","sufjan","wistful","35","","","","","","",""
"r0073","place","2024-03-09T08:30:00.000Z","Interlaken — snow at the window","Interlaken · white as an empty page","switzerland|mountains","bright","65","","","46.6863","7.8632","Interlaken","",""
"r0074","photo","2024-03-09T08:33:00.000Z","Snow, from a moving train","Bernese Oberland · 8:33am","window|snow","bright","60","","","","","","",""
"r0075","purchase","2024-03-11T11:03:00.000Z","Milk, bread, the usual","Corner shop · £8.40","groceries","neutral","25","8.4","£","","","","",""
"r0076","film","2024-03-11T16:06:00.000Z","Frances Ha","Noah Baumbach · 2012","growing","wistful","40","","","","","","",""
"r0077","music","2024-03-12T22:15:00.000Z","""Holocene"" — Bon Iver","Bon Iver, Bon Iver · 2011","boniver","wistful","25","","","","","","",""
"r0078","film","2024-03-12T22:27:00.000Z","Synecdoche, New York","Charlie Kaufman · 2008","late-night-film","melancholic","20","","","","","","",""
"r0079","event","2024-03-14T12:15:00.000Z","Tuesday night quiz — 2nd place","The Kiln · lost on the Seagulls question","friends|maya","bright","65","","","","","","",""
"r0080","place","2024-03-16T20:32:00.000Z","Lisbon, Estrela gardens","Lisbon · the old bench","lisbon|callback","bright","55","","","38.7223","-9.1393","Lisbon","",""
"r0081","note","2024-03-17T09:50:00.000Z","Note №09","The sea is just weather that kept a resolution.","random","neutral","20","","","","","","",""
"r0082","music","2024-03-17T15:32:00.000Z","""You Are the Best Thing"" — Ray LaMontagne","Gossip in the Grain · 2008","warming|running","bright","55","","","","","","",""
"r0083","music","2024-03-17T23:33:00.000Z","""The Night We Met"" — Lord Huron","Strange Trails · 2015","lord-huron","melancholic","25","","","","","","",""
"r0084","search","2024-03-18T10:31:00.000Z","""cinnamon roll recipe""","Food · Google","food|maya","warm","40","","","","","","",""
"r0085","message","2024-03-24T21:12:00.000Z","to Robin","football on Thursday, then. good to be back at it.","friends","warm","45","","","","","","Robin","sent"
"r0086","music","2024-03-26T23:16:00.000Z","""Big Jet Plane"" — Angus & Julia Stone","Down the Way · 2010","pair|warming","warm","45","","","","","","",""
"r0087","event","2024-03-27T09:16:00.000Z","Foggy 5k — PB 24:12","Promenade · the fog made it art","running","driven","70","","","","","","",""
"r0088","photo","2024-03-28T10:45:00.000Z","Rain on the kitchen window","Bristol · macro","rain","wistful","35","","","","","","",""
"r0089","photo","2024-03-28T14:19:00.000Z","Clouds that looked like a dog","Seafront · portrait","clouds","bright","50","","","","","","",""
"r0090","search","2024-03-29T15:14:00.000Z","""weekend in cornwall itinerary""","Travel · Google","maya|travel","hopeful","45","","","","","","",""
"r0091","search","2024-03-31T12:36:00.000Z","""how long to boil eggs""","Random · Google","random","neutral","30","","","","","","",""
"r0092","place","2024-04-02T20:10:00.000Z","Back on the pier","Brighton · the tide went out","brighton|sea","wistful","30","","","50.8225","-0.1372","Brighton","",""
"r0093","photo","2024-04-05T01:12:00.000Z","Empty street, 1:12am","Brighton · nothing and no one","night|streets","melancholic","15","","","","","","",""
"r0094","purchase","2024-04-06T21:43:00.000Z","Milk, bread, the usual","Corner shop · £8.40","groceries","neutral","25","8.4","£","","","","",""
"r0095","note","2024-04-06T23:30:00.000Z","Note №11","The city feels smaller now, and I am the reason.","widening","melancholic","15","","","","","","",""
"r0096","search","2024-04-07T14:16:00.000Z","""easy coastal run brighton""","Fitness · Google","running","hopeful","45","","","","","","",""
"r0097","search","2024-04-11T23:05:00.000Z","""things to do at night alone""","Searching · Google","night","melancholic","20","","","","","","",""
"r0098","music","2024-04-14T02:11:00.000Z","""Daydreaming"" — Radiohead","A Moon Shaped Pool · 2016","radiohead|2am-curve","melancholic","20","","","","","","",""
"r0099","photo","2024-04-14T11:13:00.000Z","Sunday pancakes, hers on top","Kitchen · f/4","maya|together","warm","50","","","","","","",""
"r0100","note","2024-04-15T14:48:00.000Z","Note №20","The playlist knows me better than the messages do. That is the sentence I mean.","spiral","melancholic","10","","","","","","",""
"r0101","search","2024-04-15T20:09:00.000Z","""pasteis de nata recipe"" (saved again)","Food · saved, again","callback|food","hopeful","45","","","","","","",""
"r0102","note","2024-04-16T23:34:00.000Z","Note №05","Rain on the window sounds like someone being gentle, if you let it.","random","neutral","20","","","","","","",""
"r0103","purchase","2024-04-18T21:37:00.000Z","Insomnia tea (again)","Late shop · £4.10","ritual","hopeful","20","4.1","£","","","","",""
"r0104","purchase","2024-04-19T18:31:00.000Z","Salt & vinegar + ketchup","Seafront van · £3.50","food","neutral","30","3.5","£","","","","",""
"r0105","search","2024-04-20T22:14:00.000Z","""chords to holocene""","Music · YouTube","boniver|making","wistful","35","","","","","","",""
"r0106","search","2024-04-21T15:08:00.000Z","""is 5 hours of sleep ok""","Health · Google","health|night","anxious","15","","","","","","",""
"r0107","search","2024-04-21T23:33:00.000Z","""easy coastal run brighton""","Fitness · Google","running","hopeful","45","","","","","","",""
"r0108","search","2024-04-22T21:35:00.000Z","""calm songs for 3am""","Music · Spotify","night|2am-curve","melancholic","20","","","","","","",""
"r0109","photo","2024-04-22T23:16:00.000Z","The pier, from a bench","Brighton · rainy","sea","wistful","30","","","","","","",""
"r0110","search","2024-04-25T12:54:00.000Z","""cinnamon roll recipe""","Food · Google","food|maya","warm","40","","","","","","",""
"r0111","note","2024-04-25T22:12:00.000Z","Note №15","2am me is a different author. He edits the margins.","night","melancholic","15","","","","","","",""
"r0112","music","2024-04-27T11:17:00.000Z","""To Build a Home"" — The Cinematic Orchestra","Ma Fleur · 2007","cinematic-orchestra","wistful","20","","","","","","",""
"r0113","purchase","2024-04-28T17:04:00.000Z","Salt & vinegar + ketchup","Seafront van · £3.50","food","neutral","30","3.5","£","","","","",""
"r0114","note","2024-05-02T21:29:00.000Z","Note №09","The sea is just weather that kept a resolution.","random","melancholic","20","","","","","","",""
"r0115","music","2024-05-02T21:41:00.000Z","""The Stable Song"" — Gregory Alan Isakov","The Weatherman · 2009","isakov","anxious","30","","","","","","",""
"r0116","music","2024-05-02T22:18:00.000Z","""Gold"" — Sienna","Singles · 2024","pair","neutral","55","","","","","","",""
"r0117","search","2024-05-02T22:37:00.000Z","""what time does the sea rest""","Searching · Google","night","wistful","20","","","","","","",""
"r0118","music","2024-05-03T02:05:00.000Z","""All I Need"" — Radiohead","In Rainbows · 2007","radiohead|2am-curve","melancholic","15","","","","","","",""
"r0119","search","2024-05-03T02:18:00.000Z","""why can't i sleep""","Health · Google","health|night","anxious","15","","","","","","",""
"r0120","note","2024-05-03T21:55:00.000Z","Note №38","We argued about the best railway station in the country for an hour and a half. I love whoever I am when I argue about that.","maya|warming","melancholic","50","","","","","","",""
"r0121","search","2024-05-04T23:02:00.000Z","""weekend in cornwall itinerary""","Travel · Google","maya|travel","wistful","45","","","","","","",""
"r0122","purchase","2024-05-05T22:15:00.000Z","Chamomile — the plan","Late shop · £3.20","ritual|sleep","hopeful","20","3.2","£","","","","",""
"r0123","note","2024-05-07T01:42:00.000Z","Note №20","The playlist knows me better than the messages do. That is the sentence I mean.","spiral","wistful","10","","","","","","",""
"r0124","music","2024-05-07T21:17:00.000Z","""Big Jet Plane"" — Angus & Julia Stone","Down the Way · 2010","pair|warming","wistful","45","","","","","","",""
"r0125","photo","2024-05-07T23:58:00.000Z","Sunday pancakes, hers on top","Kitchen · f/4","maya|together","neutral","50","","","","","","",""
"r0126","music","2024-05-08T00:34:00.000Z","""The Stable Song"" — Gregory Alan Isakov","The Weatherman · 2009","isakov","anxious","30","","","","","","",""
"r0127","search","2024-05-09T03:45:00.000Z","""chords to holocene""","Music · YouTube","boniver|making","neutral","35","","","","","","",""
"r0128","event","2024-05-10T02:29:00.000Z","Beach bonfire, strangers invited","Seafront · the seagulls ate my chips","silly","melancholic","70","","","","","","",""
"r0129","film","2024-05-10T23:40:00.000Z","Her","Spike Jonze · 2013","lonely-hearts|late-night-film","melancholic","15","","","","","","",""
"r0130","note","2024-05-11T01:40:00.000Z","Note №14","Movie about an operating system in love. I cried at the part where he is loved.","spiral","melancholic","10","","","","","","",""
"r0131","search","2024-05-12T02:02:00.000Z","""1am thoughts normal""","Health · Google","health|night","anxious","15","","","","","","",""
"r0132","search","2024-05-12T03:13:00.000Z","""what time does the sea rest""","Searching · Google","night","neutral","20","","","","","","",""
"r0133","music","2024-05-15T01:20:00.000Z","""The Stable Song"" — Gregory Alan Isakov","The Weatherman · 2009","isakov","melancholic","30","","","","","","",""
"r0134","photo","2024-05-15T21:09:00.000Z","Sunday pancakes, hers on top","Kitchen · f/4","maya|together","neutral","50","","","","","","",""
"r0135","message","2024-05-16T23:42:00.000Z","from Robin","sorry I went quiet for a bit. see you Thursday — I'm bringing the premix.","friends","wistful","40","","","","","","Robin","received"
"r0136","music","2024-05-17T03:21:00.000Z","""The Night We Met"" — Lord Huron","Strange Trails · 2015","lord-huron","anxious","25","","","","","","",""
"r0137","music","2024-05-18T01:55:00.000Z","""Nothing's Gonna Hurt You Baby"" — Cigarettes After Sex","CAS · 2017","cigarettes-after-sex|2am-curve","melancholic","20","","","","","","",""
"r0138","search","2024-05-20T22:22:00.000Z","""pasteis de nata recipe"" (saved again)","Food · saved, again","callback|food","neutral","45","","","","","","",""
"r0139","film","2024-05-24T23:10:00.000Z","Lost in Translation","Sofia Coppola · 2003","lonely-hearts|late-night-film","wistful","20","","","","","","",""
"r0140","search","2024-05-27T03:23:00.000Z","""how long to boil eggs""","Random · Google","random","melancholic","30","","","","","","",""
"r0141","search","2024-05-27T03:54:00.000Z","""what does the owl mean in the dream""","Meaning · Google","random","anxious","25","","","","","","",""
"r0142","search","2024-05-28T03:15:00.000Z","""late night trains brighton to nowhere""","Searching · Google","night|wander","restless","20","","","","","","",""
"r0143","music","2024-05-28T03:34:00.000Z","""To Build a Home"" — The Cinematic Orchestra","Ma Fleur · 2007","cinematic-orchestra","anxious","20","","","","","","",""
"r0144","photo","2024-05-28T21:55:00.000Z","Clouds that looked like a dog","Seafront · portrait","clouds","wistful","50","","","","","","",""
"r0145","music","2024-06-02T02:30:00.000Z","""Hurt"" — Nils Frahm","LateNightTales · 2015","nils-frahm|2am-curve","melancholic","10","","","","","","",""
"r0146","search","2024-06-03T02:00:00.000Z","""cinnamon roll recipe""","Food · Google","food|maya","wistful","40","","","","","","",""
"r0147","note","2024-06-03T02:45:00.000Z","Note №17","2:45am. I have washed the same mug twice. I am going to bed now. I know I am not.","spiral","melancholic","10","","","","","","",""
"r0148","search","2024-06-03T23:42:00.000Z","""best nut roast""","Food · Google","food","neutral","30","","","","","","",""
"r0149","search","2024-06-04T02:53:00.000Z","""will jellyfish hurt you""","Random · Google","random","anxious","30","","","","","","",""
"r0150","search","2024-06-05T02:10:00.000Z","""how long can insomnia last""","Health · Google","health|night","anxious","10","","","","","","",""
"r0151","photo","2024-06-06T23:15:00.000Z","The pier, from a bench","Brighton · rainy","sea","melancholic","30","","","","","","",""
"r0152","event","2024-06-07T02:20:00.000Z","Foggy 5k — PB 24:12","Promenade · the fog made it art","running","anxious","70","","","","","","",""
"r0153","purchase","2024-06-07T21:22:00.000Z","Insomnia tea (again)","Late shop · £4.10","ritual","neutral","20","4.1","£","","","","",""
"r0154","purchase","2024-06-07T23:30:00.000Z","Espresso machine — mistake?","Home Appliance · £149.00","ritual|night","restless","35","149","£","","","","",""
"r0155","note","2024-06-08T00:09:00.000Z","Note №09","The sea is just weather that kept a resolution.","random","melancholic","20","","","","","","",""
"r0156","note","2024-06-10T00:54:00.000Z","Note №15","2am me is a different author. He edits the margins.","night","neutral","15","","","","","","",""
"r0157","message","2024-06-10T09:12:00.000Z","from Robin","you okay, mate? you go quiet lately — want the football on Thursday?","friends|quiet","wistful","25","","","","","","Robin","received"
"r0158","purchase","2024-06-10T23:12:00.000Z","Milk, bread, the usual","Corner shop · £8.40","groceries","melancholic","25","8.4","£","","","","",""
"r0159","music","2024-06-11T01:14:00.000Z","""The Moon Song"" — Karen O","Her soundtrack · 2013","quiet","melancholic","15","","","","","","",""
"r0160","music","2024-06-11T02:20:00.000Z","""Fade Into You"" — Mazzy Star","So Tonight That I Might See · 1993","mazzy-star|2am-curve","melancholic","15","","","","","","",""
"r0161","photo","2024-06-14T00:06:00.000Z","3:30am, microwave light","Kitchen · portrait","night","wistful","10","","","","","","",""
"r0162","note","2024-06-14T23:55:00.000Z","Note №19","Robin messaged 4 days ago. I keep meaning to reply. I open it and can't find a true sentence.","quiet","melancholic","10","","","","","","",""
"r0163","purchase","2024-06-15T00:29:00.000Z","Salt & vinegar + ketchup","Seafront van · £3.50","food","melancholic","30","3.5","£","","","","",""
"r0164","purchase","2024-06-15T02:14:00.000Z","Milk, bread, the usual","Corner shop · £8.40","groceries","wistful","25","8.4","£","","","","",""
"r0165","film","2024-06-16T00:20:00.000Z","Eternal Sunshine of the Spotless Mind","Michel Gondry · 2004","lonely-hearts|late-night-film","melancholic","15","","","","","","",""
"r0166","search","2024-06-16T22:00:00.000Z","""cinnamon roll recipe""","Food · Google","food|maya","neutral","40","","","","","","",""
"r0167","photo","2024-06-17T21:43:00.000Z","Rain on the kitchen window","Bristol · macro","rain","anxious","35","","","","","","",""
"r0168","search","2024-06-19T02:30:00.000Z","""name for the feeling of being homesick for a place you never left""","Language · Google","night|feeling","melancholic","10","","","","","","",""
"r0169","purchase","2024-06-19T03:14:00.000Z","Two scarves — his, hers","Market · £30.00","maya|together","neutral","45","30","£","","","","",""
"r0170","search","2024-06-20T03:13:00.000Z","""easy coastal run brighton""","Fitness · Google","running","neutral","45","","","","","","",""
"r0171","search","2024-06-20T08:53:00.000Z","""calm songs for 3am""","Music · Spotify","night|2am-curve","wistful","20","","","","","","",""
"r0172","search","2024-06-22T00:19:00.000Z","""calm songs for 3am""","Music · Spotify","night|2am-curve","neutral","20","","","","","","",""
"r0173","event","2024-06-22T03:05:00.000Z","Sat with the fridge light on","Kitchen · 3:05am","night","melancholic","10","","","","","","",""
"r0174","search","2024-06-23T22:52:00.000Z","""is 5 hours of sleep ok""","Health · Google","health|night","anxious","15","","","","","","",""
"r0175","event","2024-06-27T02:29:00.000Z","Tuesday night quiz — 2nd place","The Kiln · lost on the Seagulls question","friends|maya","melancholic","65","","","","","","",""
"r0176","film","2024-06-27T03:48:00.000Z","Amélie","Jean-Pierre Jeunet · 2001","pair|feelgood","neutral","55","","","","","","",""
"r0177","place","2024-06-29T23:38:00.000Z","Ride on the coastal 8, top deck","Brighton · the slow way home","brighton|sea","wistful","35","","","50.8225","-0.1372","Brighton","",""
"r0178","event","2024-06-30T22:43:00.000Z","Tuesday night quiz — 2nd place","The Kiln · lost on the Seagulls question","friends|maya","neutral","65","","","","","","",""
"r0179","music","2024-07-02T02:12:00.000Z","""Motion Sickness"" — Phoebe Bridgers","Stranger in the Alps · 2017","2am-curve","melancholic","20","","","","","","",""
"r0180","note","2024-07-03T01:58:00.000Z","Note №22","What if I stopped keeping the nights company?","dawn-turn","hopeful","25","","","","","","",""
"r0181","place","2024-07-03T21:30:00.000Z","Clifton, lit up at dusk","Bristol · before it all","bristol","anxious","40","","","51.4545","-2.5879","Bristol","",""
"r0182","search","2024-07-04T01:19:00.000Z","""weekend in cornwall itinerary""","Travel · Google","maya|travel","melancholic","45","","","","","","",""
"r0183","purchase","2024-07-05T19:20:00.000Z","Sunrise alarm clock","Health Shop · £39.00","sleep|ritual","hopeful","40","39","£","","","","",""
"r0184","photo","2024-07-06T21:25:00.000Z","Clouds that looked like a dog","Seafront · portrait","clouds","neutral","50","","","","","","",""
"r0185","film","2024-07-08T00:58:00.000Z","Nomadland","Chloé Zhao · 2020","wander","anxious","35","","","","","","",""
"r0186","note","2024-07-08T21:15:00.000Z","Note №15","2am me is a different author. He edits the margins.","night","melancholic","15","","","","","","",""
"r0187","photo","2024-07-10T06:12:00.000Z","Pier at 6:12am","Brighton · the one good hour","dawn|sea","bright","55","","","","","","",""
"r0188","note","2024-07-10T06:30:00.000Z","Note №23","Maybe I should see the mornings instead of staying up for them.","dawn-turn","bright","50","","","","","","",""
"r0189","music","2024-07-11T21:06:00.000Z","""Mystery of Love"" — Sufjan Stevens","Call Me By Your Name · 2017","sufjan","wistful","35","","","","","","",""
"r0190","photo","2024-07-12T00:40:00.000Z","The pier, from a bench","Brighton · rainy","sea","anxious","30","","","","","","",""
"r0191","note","2024-07-12T02:14:00.000Z","Note №05","Rain on the window sounds like someone being gentle, if you let it.","random","anxious","20","","","","","","",""
"r0192","search","2024-07-12T07:05:00.000Z","""easy coastal runs""","Fitness · Google","running","hopeful","50","","","","","","",""
"r0193","purchase","2024-07-13T21:47:00.000Z","Bus ticket — the coastal 8","Brighton · £2.40","transport","neutral","35","2.4","£","","","","",""
"r0194","purchase","2024-07-14T11:00:00.000Z","Running shoes","Sneaker Store · £95.00","running|ritual","hopeful","55","95","£","","","","",""
"r0195","film","2024-07-15T03:06:00.000Z","Synecdoche, New York","Charlie Kaufman · 2008","late-night-film","anxious","20","","","","","","",""
"r0196","purchase","2024-07-16T02:21:00.000Z","Salt & vinegar + ketchup","Seafront van · £3.50","food","melancholic","30","3.5","£","","","","",""
"r0197","photo","2024-07-16T21:40:00.000Z","Fiscal year ends, fog does too","Brighton · June","dawn","neutral","55","","","","","","",""
"r0198","music","2024-07-18T21:55:00.000Z","""Big Jet Plane"" — Angus & Julia Stone","Down the Way · 2010","pair|warming","melancholic","45","","","","","","",""
"r0199","photo","2024-07-21T06:40:00.000Z","Barefoot, sand still cold","Brighton · 6:40am","dawn|sea","bright","60","","","","","","",""
"r0200","place","2024-07-22T01:19:00.000Z","Lisbon, Estrela gardens","Lisbon · the old bench","lisbon|callback","neutral","55","","","38.7223","-9.1393","Lisbon","",""
"r0201","search","2024-07-23T01:33:00.000Z","""easy coastal run brighton""","Fitness · Google","running","melancholic","45","","","","","","",""
"r0202","note","2024-07-24T22:33:00.000Z","Note №05","Rain on the window sounds like someone being gentle, if you let it.","random","anxious","20","","","","","","",""
"r0203","music","2024-07-26T00:01:00.000Z","""To Build a Home"" — The Cinematic Orchestra","Ma Fleur · 2007","cinematic-orchestra","neutral","20","","","","","","",""
"r0204","message","2024-07-27T01:08:00.000Z","to Maya","the whale mugs survived the dishwasher. I checked.","maya","neutral","55","","","","","","Maya","sent"
"r0205","music","2024-07-27T01:45:00.000Z","""First Day of My Life"" — Bright Eyes","I'm Wide Awake, It's Morning · 2005","bright-eyes","anxious","50","","","","","","",""
"r0206","purchase","2024-07-28T21:09:00.000Z","Bus ticket — the coastal 8","Brighton · £2.40","transport","anxious","35","2.4","£","","","","",""
"r0207","music","2024-07-29T00:13:00.000Z","""You Are the Best Thing"" — Ray LaMontagne","Gossip in the Grain · 2008","warming|running","wistful","55","","","","","","",""
"r0208","event","2024-08-03T09:30:00.000Z","Parkrun — first one","Brighton · 27:41","running","bright","65","","","","","","",""
"r0209","purchase","2024-08-05T01:00:00.000Z","Milk, bread, the usual","Corner shop · £8.40","groceries","anxious","25","8.4","£","","","","",""
"r0210","music","2024-08-05T07:30:00.000Z","""Cherry Wine"" — Hozier","Hozier · 2014","hozier|warming","warm","40","","","","","","",""
"r0211","photo","2024-08-09T02:16:00.000Z","Rain on the kitchen window","Bristol · macro","rain","anxious","35","","","","","","",""
"r0212","photo","2024-08-09T06:50:00.000Z","Dawn run, pier behind","Brighton · phone, slightly blurry","dawn|running","bright","60","","","","","","",""
"r0213","purchase","2024-08-12T18:30:00.000Z","Tickets — The Downs (x1)","Ticketmaster · £78.00","anticipation","hopeful","60","78","£","","","","",""
"r0214","search","2024-08-13T21:40:00.000Z","""the downs festival lineup times""","Events · Google","event","hopeful","50","","","","","","",""
"r0215","music","2024-08-14T21:31:00.000Z","""First Day of My Life"" — Bright Eyes","I'm Wide Awake, It's Morning · 2005","bright-eyes","neutral","50","","","","","","",""
"r0216","film","2024-08-14T22:03:00.000Z","Frances Ha","Noah Baumbach · 2012","growing","neutral","40","","","","","","",""
"r0217","music","2024-08-14T22:30:00.000Z","""Work Song"" — Hozier","Hozier · 2014","hozier|warming","warm","45","","","","","","",""
"r0218","music","2024-08-16T03:35:00.000Z","""You Are the Best Thing"" — Ray LaMontagne","Gossip in the Grain · 2008","warming|running","neutral","55","","","","","","",""
"r0219","search","2024-08-18T21:07:00.000Z","""calm songs for 3am""","Music · Spotify","night|2am-curve","melancholic","20","","","","","","",""
"r0220","note","2024-08-20T23:20:00.000Z","Note №27","The nights are shorter now. Or I am.","warming","hopeful","40","","","","","","",""
"r0221","purchase","2024-08-21T00:12:00.000Z","Bus ticket — the coastal 8","Brighton · £2.40","transport","melancholic","35","2.4","£","","","","",""
"r0222","message","2024-08-23T21:59:00.000Z","to Robin","football on Thursday, then. good to be back at it.","friends","neutral","45","","","","","","Robin","sent"
"r0223","music","2024-08-23T22:53:00.000Z","""Gold"" — Sienna","Singles · 2024","pair","neutral","55","","","","","","",""
"r0224","purchase","2024-08-25T02:33:00.000Z","Insomnia tea (again)","Late shop · £4.10","ritual","melancholic","20","4.1","£","","","","",""
"r0225","event","2024-08-25T21:45:00.000Z","The Downs Festival — night set","Brighton · a band I'd saved at 2am","festival|turning-point","bright","75","","","","","","",""
"r0226","photo","2024-08-25T21:50:00.000Z","Stage lights, first row","The Downs · 21:50","festival","bright","75","","","","","","",""
"r0227","music","2024-08-27T21:17:00.000Z","""Mystery of Love"" — Sufjan Stevens","Call Me By Your Name · 2017","sufjan","neutral","35","","","","","","",""
"r0228","photo","2024-08-30T21:00:00.000Z","Fiscal year ends, fog does too","Brighton · June","dawn","neutral","55","","","","","","",""
"r0229","music","2024-08-30T21:13:00.000Z","""The Night We Met"" — Lord Huron","Strange Trails · 2015","lord-huron","anxious","25","","","","","","",""
"r0230","message","2024-09-01T22:14:00.000Z","from Maya","did you actually stay for the whole set? I saw you leave before the encore","maya|first-message","bright","70","","","","","","Maya","received"
"r0231","message","2024-09-01T23:02:00.000Z","to Maya","I got dragged to the falafel van. What was the encore?","maya|first-message","bright","70","","","","","","Maya","sent"
"r0232","search","2024-09-03T19:15:00.000Z","""weekend in cornwall itinerary""","Travel · Google","maya|travel","bright","45","","","","","","",""
"r0233","note","2024-09-03T23:15:00.000Z","Note №30","Talked to a stranger for 45 minutes and did not once check my phone.","maya|warming","bright","60","","","","","","",""
"r0234","music","2024-09-04T20:30:00.000Z","""You Are the Best Thing"" — Ray LaMontagne","Gossip in the Grain · 2008","warming|running","warm","55","","","","","","",""
"r0235","event","2024-09-08T15:00:00.000Z","Weekend market, walking slow","Brighton · two flat whites, one table","maya|together","warm","60","","","","","","",""
"r0236","purchase","2024-09-08T15:40:00.000Z","Two flat whites","The Kiln · £6.40","maya|the-kiln","warm","55","6.4","£","","","","",""
"r0237","search","2024-09-08T22:30:00.000Z","""cinnamon roll recipe""","Food · Google","food|maya","bright","40","","","","","","",""
"r0238","message","2024-09-10T12:30:00.000Z","from Maya","I found your lost glove. It was under the bench the whole time.","maya","warm","60","","","","","","Maya","received"
"r0239","note","2024-09-11T20:00:00.000Z","Note №09","The sea is just weather that kept a resolution.","random","warm","20","","","","","","",""
"r0240","photo","2024-09-12T22:59:00.000Z","Rain on the kitchen window","Bristol · macro","rain","driven","35","","","","","","",""
"r0241","film","2024-09-13T16:37:00.000Z","Synecdoche, New York","Charlie Kaufman · 2008","late-night-film","neutral","20","","","","","","",""
"r0242","film","2024-09-14T20:15:00.000Z","Past Lives","Celine Song · 2023","maya|pair","warm","45","","","","","","",""
"r0243","message","2024-09-14T22:40:00.000Z","from Maya","that movie was literally us. minus the Korea.","maya","warm","55","","","","","","Maya","received"
"r0244","music","2024-09-17T08:14:00.000Z","""The Stable Song"" — Gregory Alan Isakov","The Weatherman · 2009","isakov","driven","30","","","","","","",""
"r0245","search","2024-09-17T20:35:00.000Z","""what time does the sea rest""","Searching · Google","night","warm","20","","","","","","",""
"r0246","music","2024-09-19T17:16:00.000Z","""Big Jet Plane"" — Angus & Julia Stone","Down the Way · 2010","pair|warming","neutral","45","","","","","","",""
"r0247","purchase","2024-09-20T08:51:00.000Z","Salt & vinegar + ketchup","Seafront van · £3.50","food","bright","30","3.5","£","","","","",""
"r0248","purchase","2024-09-20T11:13:00.000Z","Insomnia tea (again)","Late shop · £4.10","ritual","neutral","20","4.1","£","","","","",""
"r0249","purchase","2024-09-20T12:10:00.000Z","Vegetable box — share","Market stall · £18.00","maya|together","warm","45","18","£","","","","",""
"r0250","search","2024-09-20T17:19:00.000Z","""easy coastal run brighton""","Fitness · Google","running","driven","45","","","","","","",""
"r0251","note","2024-09-20T22:23:00.000Z","Note №15","2am me is a different author. He edits the margins.","night","bright","15","","","","","","",""
"r0252","note","2024-09-21T09:58:00.000Z","Note №05","Rain on the window sounds like someone being gentle, if you let it.","random","neutral","20","","","","","","",""
"r0253","purchase","2024-09-21T19:53:00.000Z","Bus ticket — the coastal 8","Brighton · £2.40","transport","neutral","35","2.4","£","","","","",""
"r0254","search","2024-09-25T16:31:00.000Z","""how long to boil eggs""","Random · Google","random","driven","30","","","","","","",""
"r0255","film","2024-09-28T08:08:00.000Z","Nomadland","Chloé Zhao · 2020","wander","warm","35","","","","","","",""
"r0256","music","2024-09-28T10:00:00.000Z","""Fire on Fire"" — Sam Smith","The Thrill of It All · 2017","pair|warming","warm","50","","","","","","",""
"r0257","place","2024-09-29T17:25:00.000Z","Clifton, lit up at dusk","Bristol · before it all","bristol","driven","40","","","51.4545","-2.5879","Bristol","",""
"r0258","music","2024-09-30T09:40:00.000Z","""The Stable Song"" — Gregory Alan Isakov","The Weatherman · 2009","isakov","warm","30","","","","","","",""
"r0259","music","2024-09-30T17:07:00.000Z","""To Build a Home"" — The Cinematic Orchestra","Ma Fleur · 2007","cinematic-orchestra","bright","20","","","","","","",""
"r0260","place","2024-10-05T16:20:00.000Z","The Kiln, corner table","Brighton · our table now","maya|the-kiln","warm","45","","","50.8225","-0.1372","Brighton","",""
"r0261","purchase","2024-10-05T16:45:00.000Z","One slice to share","The Kiln · £4.20","maya|the-kiln","warm","40","4.2","£","","","","",""
"r0262","event","2024-10-05T20:45:00.000Z","Tuesday night quiz — 2nd place","The Kiln · lost on the Seagulls question","friends|maya","driven","65","","","","","","",""
"r0263","photo","2024-10-06T16:24:00.000Z","Fiscal year ends, fog does too","Brighton · June","dawn","neutral","55","","","","","","",""
"r0264","photo","2024-10-10T18:35:00.000Z","The pier, from a bench","Brighton · rainy","sea","warm","30","","","","","","",""
"r0265","note","2024-10-10T19:46:00.000Z","Note №38","We argued about the best railway station in the country for an hour and a half. I love whoever I am when I argue about that.","maya|warming","bright","50","","","","","","",""
"r0266","photo","2024-10-10T20:53:00.000Z","Clouds that looked like a dog","Seafront · portrait","clouds","neutral","50","","","","","","",""
"r0267","search","2024-10-11T09:41:00.000Z","""calm songs for 3am""","Music · Spotify","night|2am-curve","neutral","20","","","","","","",""
"r0268","event","2024-10-11T19:30:00.000Z","Exhibition — ""Nocturnes""","Gallery North · photographs of lonely rooms","maya|art","warm","55","","","","","","",""
"r0269","photo","2024-10-11T20:10:00.000Z","Her, reading the wall text","Gallery North · iso 3200","maya|art","warm","55","","","","","","",""
"r0270","purchase","2024-10-11T22:06:00.000Z","Bus ticket — the coastal 8","Brighton · £2.40","transport","neutral","35","2.4","£","","","","",""
"r0271","search","2024-10-13T18:37:00.000Z","""what does the owl mean in the dream""","Meaning · Google","random","bright","25","","","","","","",""
"r0272","search","2024-10-14T19:17:00.000Z","""weekend in cornwall itinerary""","Travel · Google","maya|travel","neutral","45","","","","","","",""
"r0273","purchase","2024-10-16T17:43:00.000Z","Milk, bread, the usual","Corner shop · £8.40","groceries","warm","25","8.4","£","","","","",""
"r0274","music","2024-10-16T18:52:00.000Z","""To Build a Home"" — The Cinematic Orchestra","Ma Fleur · 2007","cinematic-orchestra","driven","20","","","","","","",""
"r0275","message","2024-10-16T21:20:00.000Z","to Maya","the artist photographed empty rooms because he was afraid people would change them. I get that now, kinda.","maya","warm","50","","","","","","Maya","sent"
"r0276","film","2024-10-17T16:29:00.000Z","Amélie","Jean-Pierre Jeunet · 2001","pair|feelgood","bright","55","","","","","","",""
"r0277","music","2024-10-18T08:54:00.000Z","""First Day of My Life"" — Bright Eyes","I'm Wide Awake, It's Morning · 2005","bright-eyes","warm","50","","","","","","",""
"r0278","photo","2024-10-23T18:59:00.000Z","Sunday pancakes, hers on top","Kitchen · f/4","maya|together","driven","50","","","","","","",""
"r0279","photo","2024-10-25T08:05:00.000Z","Clouds that looked like a dog","Seafront · portrait","clouds","warm","50","","","","","","",""
"r0280","film","2024-10-25T19:23:00.000Z","Frances Ha","Noah Baumbach · 2012","growing","driven","40","","","","","","",""
"r0281","event","2024-10-26T15:00:00.000Z","Coach to the coast","Brighton → Cornwall · 5 hrs","maya|trip","bright","65","","","","","","",""
"r0282","music","2024-10-27T08:19:00.000Z","""The Night We Met"" — Lord Huron","Strange Trails · 2015","lord-huron","driven","25","","","","","","",""
"r0283","message","2024-10-28T08:28:00.000Z","to Robin","football on Thursday, then. good to be back at it.","friends","driven","45","","","","","","Robin","sent"
"r0284","photo","2024-10-28T16:40:00.000Z","The pier, from a bench","Brighton · rainy","sea","neutral","30","","","","","","",""
"r0285","music","2024-10-29T12:54:00.000Z","""The Stable Song"" — Gregory Alan Isakov","The Weatherman · 2009","isakov","bright","30","","","","","","",""
"r0286","message","2024-10-29T22:00:00.000Z","from Robin","sorry I went quiet for a bit. see you Thursday — I'm bringing the premix.","friends","driven","40","","","","","","Robin","received"
"r0287","event","2024-10-29T22:37:00.000Z","Tuesday night quiz — 2nd place","The Kiln · lost on the Seagulls question","friends|maya","bright","65","","","","","","",""
"r0288","purchase","2024-10-30T17:16:00.000Z","Milk, bread, the usual","Corner shop · £8.40","groceries","neutral","25","8.4","£","","","","",""
"r0289","photo","2024-10-31T19:49:00.000Z","Fiscal year ends, fog does too","Brighton · June","dawn","driven","55","","","","","","",""
"r0290","photo","2024-11-01T12:46:00.000Z","Sunday pancakes, hers on top","Kitchen · f/4","maya|together","bright","50","","","","","","",""
"r0291","place","2024-11-01T18:30:00.000Z","St Ives at blue hour","Cornwall · tide full","maya|cornwall|sea","warm","55","","","50.2649","-5.051","Cornwall","",""
"r0292","photo","2024-11-01T18:35:00.000Z","Harbour lights, 18:35","St Ives · f/2","maya|cornwall|water","warm","50","","","","","","",""
"r0293","purchase","2024-11-02T13:00:00.000Z","Two crab baps by the harbour","Harbour shack · £14.00","maya|cornwall","warm","55","14","£","","","","",""
"r0294","music","2024-11-02T18:00:00.000Z","""Homeward Bound"" — Simon & Garfunkel","Parsley, Sage... · 1966","pair|cornwall","warm","45","","","","","","",""
"r0295","note","2024-11-02T22:10:00.000Z","Note №36","We watched the ferry from the clifftop and I did not want to come back. Not from the trip. From anywhere.","maya|warming","warm","55","","","","","","",""
"r0296","music","2024-11-04T17:52:00.000Z","""First Day of My Life"" — Bright Eyes","I'm Wide Awake, It's Morning · 2005","bright-eyes","bright","50","","","","","","",""
"r0297","message","2024-11-05T08:30:00.000Z","from Maya","I already started a list: ""gloves found: 1; harbours: 1; decisions to leave: 0""","maya","warm","55","","","","","","Maya","received"
"r0298","note","2024-11-06T11:04:00.000Z","Note №05","Rain on the window sounds like someone being gentle, if you let it.","random","driven","20","","","","","","",""
"r0299","search","2024-11-06T18:42:00.000Z","""is 5 hours of sleep ok""","Health · Google","health|night","bright","15","","","","","","",""
"r0300","purchase","2024-11-09T15:15:00.000Z","Camera strap — dark green","Camera shop · £32.00","maya|gift","warm","50","32","£","","","","",""
"r0301","purchase","2024-11-11T08:23:00.000Z","Insomnia tea (again)","Late shop · £4.10","ritual","bright","20","4.1","£","","","","",""
"r0302","search","2024-11-12T12:00:00.000Z","""good date restaurants brighton""","Food · Google","maya","hopeful","45","","","","","","",""
"r0303","event","2024-11-13T18:47:00.000Z","Foggy 5k — PB 24:12","Promenade · the fog made it art","running","neutral","70","","","","","","",""
"r0304","music","2024-11-15T09:16:00.000Z","""Gold"" — Sienna","Singles · 2024","pair","neutral","55","","","","","","",""
"r0305","music","2024-11-15T09:41:00.000Z","""The Night We Met"" — Lord Huron","Strange Trails · 2015","lord-huron","warm","25","","","","","","",""
"r0306","music","2024-11-15T12:17:00.000Z","""Gold"" — Sienna","Singles · 2024","pair","warm","55","","","","","","",""
"r0307","event","2024-11-16T20:00:00.000Z","Studio flatwarming","Brighton · her place, 14 people","maya|friends","warm","60","","","","","","",""
"r0308","photo","2024-11-16T22:40:00.000Z","Kitchen, cropped, laughing","Flatwarming · flash bounce","maya|people","bright","65","","","","","","",""
"r0309","purchase","2024-11-18T16:11:00.000Z","Two scarves — his, hers","Market · £30.00","maya|together","warm","45","30","£","","","","",""
"r0310","note","2024-11-19T20:17:00.000Z","Note №15","2am me is a different author. He edits the margins.","night","driven","15","","","","","","",""
"r0311","music","2024-11-21T11:49:00.000Z","""The Moon Song"" — Karen O","Her soundtrack · 2013","quiet","driven","15","","","","","","",""
"r0312","music","2024-11-21T22:10:00.000Z","""Big Jet Plane"" — Angus & Julia Stone","Down the Way · 2010","pair|warming","bright","45","","","","","","",""
"r0313","search","2024-11-22T12:05:00.000Z","""will jellyfish hurt you""","Random · Google","random","warm","30","","","","","","",""
"r0314","search","2024-11-22T12:30:00.000Z","""easy coastal run brighton""","Fitness · Google","running","warm","45","","","","","","",""
"r0315","search","2024-11-25T16:42:00.000Z","""pasteis de nata recipe"" (saved again)","Food · saved, again","callback|food","bright","45","","","","","","",""
"r0316","search","2024-11-25T18:09:00.000Z","""calm songs for 3am""","Music · Spotify","night|2am-curve","warm","20","","","","","","",""
"r0317","purchase","2024-11-26T20:46:00.000Z","Milk, bread, the usual","Corner shop · £8.40","groceries","bright","25","8.4","£","","","","",""
"r0318","music","2024-11-27T22:00:00.000Z","""You Are the Best Thing"" — Ray LaMontagne","Gossip in the Grain · 2008","warming|running","driven","55","","","","","","",""
"r0319","search","2024-11-30T11:07:00.000Z","""cinnamon roll recipe""","Food · Google","food|maya","neutral","40","","","","","","",""
"r0320","purchase","2024-12-01T17:30:00.000Z","Two mugs — the whales","Ceramics market · £24.00","maya|the-kiln","warm","45","24","£","","","","",""
"r0321","place","2024-12-02T16:50:00.000Z","Ride on the coastal 8, top deck","Brighton · the slow way home","brighton|sea","neutral","35","","","50.8225","-0.1372","Brighton","",""
"r0322","photo","2024-12-04T08:29:00.000Z","3:30am, microwave light","Kitchen · portrait","night","bright","10","","","","","","",""
"r0323","note","2024-12-04T20:44:00.000Z","Note №20","The playlist knows me better than the messages do. That is the sentence I mean.","spiral","neutral","10","","","","","","",""
"r0324","purchase","2024-12-05T17:39:00.000Z","Bus ticket — the coastal 8","Brighton · £2.40","transport","driven","35","2.4","£","","","","",""
"r0325","purchase","2024-12-06T12:05:00.000Z","Salt & vinegar + ketchup","Seafront van · £3.50","food","neutral","30","3.5","£","","","","",""
"r0326","place","2024-12-06T18:07:00.000Z","Lisbon, Estrela gardens","Lisbon · the old bench","lisbon|callback","warm","55","","","38.7223","-9.1393","Lisbon","",""
"r0327","event","2024-12-07T19:00:00.000Z","Christmas market lanterns","Brighton · mulled wine was free","maya|together","bright","60","","","","","","",""
"r0328","search","2024-12-09T18:30:00.000Z","""best nut roast""","Food · Google","food","neutral","30","","","","","","",""
"r0329","photo","2024-12-09T22:27:00.000Z","Rain on the kitchen window","Bristol · macro","rain","neutral","35","","","","","","",""
"r0330","music","2024-12-10T21:00:00.000Z","""These Streets"" — Paolo Nutini","These Streets · 2006","pair|warming","warm","40","","","","","","",""
"r0331","search","2024-12-11T22:14:00.000Z","""chords to holocene""","Music · YouTube","boniver|making","driven","35","","","","","","",""
"r0332","search","2024-12-13T22:17:00.000Z","""calm songs for 3am""","Music · Spotify","night|2am-curve","bright","20","","","","","","",""
"r0333","note","2024-12-15T08:02:00.000Z","Note №09","The sea is just weather that kept a resolution.","random","driven","20","","","","","","",""
"r0334","message","2024-12-17T23:05:00.000Z","to Maya","goodnight. I was going to write something about the sea but it pulled the tide out.","maya","warm","50","","","","","","Maya","sent"
"r0335","search","2024-12-19T22:27:00.000Z","""what time does the sea rest""","Searching · Google","night","bright","20","","","","","","",""
"r0336","event","2024-12-20T08:26:00.000Z","Beach bonfire, strangers invited","Seafront · the seagulls ate my chips","silly","driven","70","","","","","","",""
"r0337","note","2024-12-20T08:45:00.000Z","Note №41","Six months ago the nights were the only thing that stayed. Now I have a table at the Kiln that knows my order.","warming|turnaround","warm","55","","","","","","",""
"r0338","film","2024-12-28T20:05:00.000Z","Sing Street","John Carney · 2016","pair|feelgood","bright","55","","","","","","",""
"r0339","message","2024-12-29T16:27:00.000Z","to Maya","the whale mugs survived the dishwasher. I checked.","maya","bright","55","","","","","","Maya","sent"
"r0340","place","2025-01-03T07:52:00.000Z","Ride on the coastal 8, top deck","Brighton · the slow way home","brighton|sea","bright","35","","","50.8225","-0.1372","Brighton","",""
"r0341","note","2025-01-03T09:15:00.000Z","Note №44","Pitch: a photo series of doorways at dawn. No people. Just the light waiting.","idea|making","driven","55","","","","","","",""
"r0342","search","2025-01-03T19:29:00.000Z","""weekend in cornwall itinerary""","Travel · Google","maya|travel","warm","45","","","","","","",""
"r0343","search","2025-01-04T10:23:00.000Z","""easy coastal run brighton""","Fitness · Google","running","driven","45","","","","","","",""
"r0344","search","2025-01-05T18:45:00.000Z","""what does the owl mean in the dream""","Meaning · Google","random","neutral","25","","","","","","",""
"r0345","purchase","2025-01-06T14:00:00.000Z","Film camera — second hand","Camera shop · £210.00","making|camera","driven","70","210","£","","","","",""
"r0346","film","2025-01-07T18:46:00.000Z","Synecdoche, New York","Charlie Kaufman · 2008","late-night-film","driven","20","","","","","","",""
"r0347","search","2025-01-07T21:10:00.000Z","""fuji film recipes for grey mornings""","Photography · YouTube","making|camera","driven","45","","","","","","",""
"r0348","music","2025-01-07T21:14:00.000Z","""To Build a Home"" — The Cinematic Orchestra","Ma Fleur · 2007","cinematic-orchestra","neutral","20","","","","","","",""
"r0349","photo","2025-01-11T21:31:00.000Z","Sunday pancakes, hers on top","Kitchen · f/4","maya|together","driven","50","","","","","","",""
"r0350","purchase","2025-01-12T12:30:00.000Z","Two rolls — Portra","Camera shop · £26.00","making|camera","driven","60","26","£","","","","",""
"r0351","photo","2025-01-15T07:05:00.000Z","Doorway, 7:05am, no people","Series №01 · the light waiting","dawn|project","driven","60","","","","","","",""
"r0352","music","2025-01-15T17:07:00.000Z","""The Night We Met"" — Lord Huron","Strange Trails · 2015","lord-huron","neutral","25","","","","","","",""
"r0353","note","2025-01-16T21:23:00.000Z","Note №09","The sea is just weather that kept a resolution.","random","bright","20","","","","","","",""
"r0354","note","2025-01-19T18:47:00.000Z","Note №05","Rain on the window sounds like someone being gentle, if you let it.","random","warm","20","","","","","","",""
"r0355","music","2025-01-19T20:33:00.000Z","""Gold"" — Sienna","Singles · 2024","pair","bright","55","","","","","","",""
"r0356","music","2025-01-20T07:50:00.000Z","""Mystery of Love"" — Sufjan Stevens","Call Me By Your Name · 2017","sufjan","bright","35","","","","","","",""
"r0357","note","2025-01-22T22:30:00.000Z","Note №46","The night receipts were a camera. The morning ones are the film. I finally have both.","idea|making","driven","50","","","","","","",""
"r0358","search","2025-01-24T17:58:00.000Z","""gallery lighting for small spaces""","DIY · YouTube","making|show","bright","40","","","","","","",""
"r0359","photo","2025-01-28T06:26:00.000Z","Rain on the kitchen window","Bristol · macro","rain","warm","35","","","","","","",""
"r0360","photo","2025-01-29T08:48:00.000Z","Studio table, prints pegged","Studio · available light","making|show","warm","65","","","","","","",""
"r0361","search","2025-02-01T08:49:00.000Z","""is 5 hours of sleep ok""","Health · Google","health|night","driven","15","","","","","","",""
"r0362","music","2025-02-01T10:25:00.000Z","""Shades"" — Matt Corby","Rainbow Valley · 2018","making","neutral","55","","","","","","",""
"r0363","photo","2025-02-02T06:55:00.000Z","Doorway №07, milk light","Series №07","dawn|project","driven","60","","","","","","",""
"r0364","purchase","2025-02-02T12:01:00.000Z","Milk, bread, the usual","Corner shop · £8.40","groceries","warm","25","8.4","£","","","","",""
"r0365","search","2025-02-05T08:10:00.000Z","""how long to boil eggs""","Random · Google","random","bright","30","","","","","","",""
"r0366","note","2025-02-05T12:44:00.000Z","Note №05","Rain on the window sounds like someone being gentle, if you let it.","random","neutral","20","","","","","","",""
"r0367","music","2025-02-06T20:14:00.000Z","""The Moon Song"" — Karen O","Her soundtrack · 2013","quiet","neutral","15","","","","","","",""
"r0368","photo","2025-02-07T12:00:00.000Z","Rain on the kitchen window","Bristol · macro","rain","bright","35","","","","","","",""
"r0369","purchase","2025-02-08T11:20:00.000Z","Prints — test batch","Print shop · £48.00","making|show","driven","65","48","£","","","","",""
"r0370","search","2025-02-10T08:13:00.000Z","""cinnamon roll recipe""","Food · Google","food|maya","driven","40","","","","","","",""
"r0371","search","2025-02-13T20:25:00.000Z","""pasteis de nata recipe"" (saved again)","Food · saved, again","callback|food","warm","45","","","","","","",""
"r0372","event","2025-02-15T10:00:00.000Z","Open call — local artists","Gallery North · applications close March","making|show","hopeful","70","","","","","","",""
"r0373","photo","2025-02-16T21:26:00.000Z","The pier, from a bench","Brighton · rainy","sea","neutral","30","","","","","","",""
"r0374","place","2025-02-17T12:00:00.000Z","Clifton, lit up at dusk","Bristol · before it all","bristol","driven","40","","","51.4545","-2.5879","Bristol","",""
"r0375","photo","2025-02-17T17:15:00.000Z","Clouds that looked like a dog","Seafront · portrait","clouds","driven","50","","","","","","",""
"r0376","search","2025-02-18T19:30:00.000Z","""how to frame prints without glass glare""","DIY · YouTube","making|show","driven","40","","","","","","",""
"r0377","music","2025-02-18T21:30:00.000Z","""The Stable Song"" — Gregory Alan Isakov","The Weatherman · 2009","isakov","warm","30","","","","","","",""
"r0378","music","2025-02-19T10:25:00.000Z","""Gold"" — Sienna","Singles · 2024","pair","bright","55","","","","","","",""
"r0379","search","2025-02-22T12:08:00.000Z","""calm songs for 3am""","Music · Spotify","night|2am-curve","warm","20","","","","","","",""
"r0380","message","2025-02-22T21:40:00.000Z","from Maya","I read your application draft. ""photographs of doorways as a refusal to leave""???? finish it, it's good.","maya|cheer","warm","60","","","","","","Maya","received"
"r0381","music","2025-02-24T06:15:00.000Z","""Shades"" — Matt Corby","Rainbow Valley · 2018","making","bright","55","","","","","","",""
"r0382","purchase","2025-02-24T08:57:00.000Z","Drying rack for prints","DIY shop · £18.00","making|show","bright","55","18","£","","","","",""
"r0383","music","2025-02-24T18:50:00.000Z","""Under the Weather"" — Khruangbin","Con Todo el Mundo · 2018","khruangbin|making","driven","55","","","","","","",""
"r0384","search","2025-02-25T20:55:00.000Z","""what time does the sea rest""","Searching · Google","night","bright","20","","","","","","",""
"r0385","music","2025-02-26T10:35:00.000Z","""The Stable Song"" — Gregory Alan Isakov","The Weatherman · 2009","isakov","warm","30","","","","","","",""
"r0386","purchase","2025-02-27T06:26:00.000Z","Insomnia tea (again)","Late shop · £4.10","ritual","bright","20","4.1","£","","","","",""
"r0387","note","2025-02-27T12:59:00.000Z","Note №20","The playlist knows me better than the messages do. That is the sentence I mean.","spiral","neutral","10","","","","","","",""
"r0388","purchase","2025-02-27T19:23:00.000Z","Sketchbook & a 2B that snaps straight","Art supplies · £12.00","making","bright","45","12","£","","","","",""
"r0389","music","2025-02-28T07:27:00.000Z","""The Stable Song"" — Gregory Alan Isakov","The Weatherman · 2009","isakov","neutral","30","","","","","","",""
"r0390","music","2025-03-02T10:06:00.000Z","""Big Jet Plane"" — Angus & Julia Stone","Down the Way · 2010","pair|warming","warm","45","","","","","","",""
"r0391","event","2025-03-04T09:00:00.000Z","Accepted — ""Open Call""","Gallery North · April 4–19","making|show|turning-point","bright","80","","","","","","",""
"r0392","note","2025-03-04T09:12:00.000Z","Note №50","I am going to put the mornings on a wall and people will come and look at them.","making|show","bright","75","","","","","","",""
"r0393","purchase","2025-03-06T08:30:00.000Z","Two scarves — his, hers","Market · £30.00","maya|together","driven","45","30","£","","","","",""
"r0394","purchase","2025-03-06T21:12:00.000Z","Bus ticket — the coastal 8","Brighton · £2.40","transport","neutral","35","2.4","£","","","","",""
"r0395","search","2025-03-09T10:44:00.000Z","""calm songs for 3am""","Music · Spotify","night|2am-curve","driven","20","","","","","","",""
"r0396","purchase","2025-03-09T13:00:00.000Z","Mounting board ×10","Art supplies · £42.00","making|show","driven","60","42","£","","","","",""
"r0397","search","2025-03-10T08:15:00.000Z","""chords to holocene""","Music · YouTube","boniver|making","warm","35","","","","","","",""
"r0398","photo","2025-03-14T07:10:00.000Z","Doorway №14, fog","Series №14 · last one","dawn|project","driven","60","","","","","","",""
"r0399","purchase","2025-03-14T18:04:00.000Z","Milk, bread, the usual","Corner shop · £8.40","groceries","warm","25","8.4","£","","","","",""
"r0400","purchase","2025-03-15T18:20:00.000Z","Milk, bread, the usual","Corner shop · £8.40","groceries","bright","25","8.4","£","","","","",""
"r0401","film","2025-03-17T08:32:00.000Z","Amélie","Jean-Pierre Jeunet · 2001","pair|feelgood","driven","55","","","","","","",""
"r0402","note","2025-03-19T07:26:00.000Z","Note №09","The sea is just weather that kept a resolution.","random","driven","20","","","","","","",""
"r0403","event","2025-03-19T08:05:00.000Z","Foggy 5k — PB 24:12","Promenade · the fog made it art","running","driven","70","","","","","","",""
"r0404","search","2025-03-20T06:13:00.000Z","""weekend in cornwall itinerary""","Travel · Google","maya|travel","warm","45","","","","","","",""
"r0405","note","2025-03-20T08:56:00.000Z","Note №15","2am me is a different author. He edits the margins.","night","driven","15","","","","","","",""
"r0406","film","2025-03-20T20:30:00.000Z","Perfect Days","Wim Wenders · 2023","making|quiet","warm","45","","","","","","",""
"r0407","photo","2025-03-23T18:49:00.000Z","Fiscal year ends, fog does too","Brighton · June","dawn","driven","55","","","","","","",""
"r0408","music","2025-03-24T07:18:00.000Z","""Big Jet Plane"" — Angus & Julia Stone","Down the Way · 2010","pair|warming","driven","45","","","","","","",""
"r0409","purchase","2025-03-27T06:42:00.000Z","Bus ticket — the coastal 8","Brighton · £2.40","transport","neutral","35","2.4","£","","","","",""
"r0410","music","2025-03-27T10:11:00.000Z","""To Build a Home"" — The Cinematic Orchestra","Ma Fleur · 2007","cinematic-orchestra","driven","20","","","","","","",""
"r0411","photo","2025-03-29T12:39:00.000Z","Sunday pancakes, hers on top","Kitchen · f/4","maya|together","driven","50","","","","","","",""
"r0412","photo","2025-04-01T10:18:00.000Z","The pier, from a bench","Brighton · rainy","sea","neutral","30","","","","","","",""
"r0413","event","2025-04-04T19:00:00.000Z","Opening night — ""Doorways""","Gallery North · 14 photographs","making|show|turning-point","bright","85","","","","","","",""
"r0414","photo","2025-04-04T20:30:00.000Z","Her, taking a photo of me","Opening night · she got me","maya|show","bright","75","","","","","","",""
"r0415","message","2025-04-05T00:10:00.000Z","to Maya","people came. our table at the kiln sends its regards","maya","bright","70","","","","","","Maya","sent"
"r0416","purchase","2025-04-06T12:45:00.000Z","Two flat whites (and two cakes)","The Kiln · £11.80","maya|the-kiln","warm","60","11.8","£","","","","",""
"r0417","music","2025-04-08T19:22:00.000Z","""Mystery of Love"" — Sufjan Stevens","Call Me By Your Name · 2017","sufjan","bright","35","","","","","","",""
"r0418","search","2025-04-09T07:29:00.000Z","""gallery lighting for small spaces""","DIY · YouTube","making|show","driven","40","","","","","","",""
"r0419","note","2025-04-12T08:30:00.000Z","Note №52","A stranger bought doorway #09 for her kitchen in Lyon. A doorway leaves Brighton. Old me could not have written that sentence.","making|show","bright","70","","","","","","",""
"r0420","photo","2025-04-12T17:35:00.000Z","Fiscal year ends, fog does too","Brighton · June","dawn","bright","55","","","","","","",""
"r0421","music","2025-04-15T21:00:00.000Z","""Blood On The Tracks"" side A","Vinyl · Bob Dylan · 1975","vinyl|maker-night","warm","40","","","","","","",""
"r0422","event","2025-04-16T06:30:00.000Z","Tuesday night quiz — 2nd place","The Kiln · lost on the Seagulls question","friends|maya","driven","65","","","","","","",""
"r0423","search","2025-04-17T19:20:00.000Z","""best nut roast""","Food · Google","food","bright","30","","","","","","",""
"r0424","music","2025-04-18T18:55:00.000Z","""First Day of My Life"" — Bright Eyes","I'm Wide Awake, It's Morning · 2005","bright-eyes","neutral","50","","","","","","",""
"r0425","purchase","2025-04-20T20:18:00.000Z","Bus ticket — the coastal 8","Brighton · £2.40","transport","driven","35","2.4","£","","","","",""
"r0426","message","2025-04-21T10:39:00.000Z","to Maya","the whale mugs survived the dishwasher. I checked.","maya","warm","55","","","","","","Maya","sent"
"r0427","film","2025-04-24T12:33:00.000Z","Little Miss Sunshine","Faris & Dayton · 2006","making","bright","50","","","","","","",""
"r0428","note","2025-04-30T18:51:00.000Z","Note №38","We argued about the best railway station in the country for an hour and a half. I love whoever I am when I argue about that.","maya|warming","driven","50","","","","","","",""
"r0429","photo","2025-04-30T21:35:00.000Z","Studio table, prints pegged","Studio · available light","making|show","neutral","65","","","","","","",""
"r0430","search","2025-05-02T08:15:00.000Z","""cinnamon roll recipe""","Food · Google","food|maya","driven","40","","","","","","",""
"r0431","event","2025-05-03T08:00:00.000Z","Quarter-marathon, Brighton","Brighton · 51:12","running","driven","70","","","","","","",""
"r0432","film","2025-05-06T08:25:00.000Z","Nomadland","Chloé Zhao · 2020","wander","warm","35","","","","","","",""
"r0433","music","2025-05-07T20:08:00.000Z","""The Night We Met"" — Lord Huron","Strange Trails · 2015","lord-huron","warm","25","","","","","","",""
"r0434","search","2025-05-10T06:40:00.000Z","""what time does the sea rest""","Searching · Google","night","warm","20","","","","","","",""
"r0435","purchase","2025-05-10T14:20:00.000Z","Vinyl — Khruangbin","Record shop · £29.00","vinyl|making","warm","50","29","£","","","","",""
"r0436","event","2025-05-13T10:08:00.000Z","Tuesday night quiz — 2nd place","The Kiln · lost on the Seagulls question","friends|maya","warm","65","","","","","","",""
"r0437","message","2025-05-14T07:05:00.000Z","from Robin","sorry I went quiet for a bit. see you Thursday — I'm bringing the premix.","friends","warm","40","","","","","","Robin","received"
"r0438","place","2025-05-17T11:00:00.000Z","Camping — the Downs","Cornwall · two tents, one theory","maya|together","bright","65","","","50.2649","-5.051","Cornwall","",""
"r0439","place","2025-05-17T19:15:00.000Z","Lisbon, Estrela gardens","Lisbon · the old bench","lisbon|callback","bright","55","","","38.7223","-9.1393","Lisbon","",""
"r0440","photo","2025-05-17T20:15:00.000Z","Camp fire, 20:15","The Downs · long exposure","maya|camping","warm","55","","","","","","",""
"r0441","film","2025-05-18T18:05:00.000Z","Frances Ha","Noah Baumbach · 2012","growing","bright","40","","","","","","",""
"r0442","purchase","2025-05-19T21:34:00.000Z","Sketchbook & a 2B that snaps straight","Art supplies · £12.00","making","neutral","45","12","£","","","","",""
"r0443","message","2025-05-21T17:37:00.000Z","to Robin","football on Thursday, then. good to be back at it.","friends","driven","45","","","","","","Robin","sent"
"r0444","note","2025-05-21T19:52:00.000Z","Note №53","A photograph is a receipt for a second of looking. I am rich.","making","bright","55","","","","","","",""
"r0445","purchase","2025-05-22T06:31:00.000Z","Insomnia tea (again)","Late shop · £4.10","ritual","neutral","20","4.1","£","","","","",""
"r0446","music","2025-05-23T19:43:00.000Z","""You Are the Best Thing"" — Ray LaMontagne","Gossip in the Grain · 2008","warming|running","warm","55","","","","","","",""
"r0447","film","2025-05-23T20:40:00.000Z","Paterson","Jim Jarmusch · 2016","maker|quiet","warm","45","","","","","","",""
"r0448","event","2025-05-25T07:16:00.000Z","Beach bonfire, strangers invited","Seafront · the seagulls ate my chips","silly","driven","70","","","","","","",""
"r0449","note","2025-05-27T21:22:00.000Z","Note №15","2am me is a different author. He edits the margins.","night","driven","15","","","","","","",""
"r0450","search","2025-05-29T18:58:00.000Z","""portra 400 vs 800 for low light""","Photography · Reddit","making|camera","bright","40","","","","","","",""
"r0451","search","2025-05-29T20:44:00.000Z","""calm songs for 3am""","Music · Spotify","night|2am-curve","bright","20","","","","","","",""
"r0452","search","2025-05-30T18:25:00.000Z","""easy coastal run brighton""","Fitness · Google","running","neutral","45","","","","","","",""
"r0453","search","2025-06-01T12:30:00.000Z","""flights bristol to lisbon""","Flights · Google","travel|callback","hopeful","55","","","","","","",""
"r0454","purchase","2025-06-02T07:43:00.000Z","Salt & vinegar + ketchup","Seafront van · £3.50","food","bright","30","3.5","£","","","","",""
"r0455","music","2025-06-03T21:07:00.000Z","""You Are the Best Thing"" — Ray LaMontagne","Gossip in the Grain · 2008","warming|running","driven","55","","","","","","",""
"r0456","photo","2025-06-04T08:33:00.000Z","Clouds that looked like a dog","Seafront · portrait","clouds","neutral","50","","","","","","",""
"r0457","search","2025-06-04T10:43:00.000Z","""will jellyfish hurt you""","Random · Google","random","bright","30","","","","","","",""
"r0458","purchase","2025-06-04T19:10:00.000Z","Two tickets — Lisbon","Airline · depart 23 June","maya|callback","bright","75","412","£","","","","",""
"r0459","message","2025-06-04T19:20:00.000Z","to Maya","Pack light. The tram has no rack. — also, bring the gloves.","maya|callback","bright","75","","","","","","Maya","sent"
"r0460","search","2025-06-04T21:26:00.000Z","""portra 400 vs 800 for low light""","Photography · Reddit","making|camera","neutral","40","","","","","","",""
"r0461","photo","2025-06-05T12:29:00.000Z","3:30am, microwave light","Kitchen · portrait","night","bright","10","","","","","","",""
"r0462","purchase","2025-06-06T17:03:00.000Z","Salt & vinegar + ketchup","Seafront van · £3.50","food","warm","30","3.5","£","","","","",""
"r0463","music","2025-06-07T07:00:00.000Z","""First Day of My Life"" — Bright Eyes","I'm Wide Awake, It's Morning · 2005","bright-eyes","bright","50","","","","","","",""
"r0464","music","2025-06-09T20:30:00.000Z","""Sea of Love"" — Cat Power","The Covers Record · 2000","pair|warming","warm","45","","","","","","",""
"r0465","photo","2025-06-15T06:30:00.000Z","One last doorway, June","Series №16 · coming home","dawn|project|callback","bright","60","","","","","","",""
"r0466","note","2025-06-18T08:00:00.000Z","Note №57 — the last one","Three hundred-odd receipts ago I wrote: ""I keep checking flight prices like it's a personality trait."" Yesterday I checked them and they were for two. I am going back to Lisbon. Not to leave this time. To show her the tram.","finale|callback","bright","65","","","","","","",""